{"cameraMode":{"drawMode":0,"name":"Shaded","section":"Shading Mode"},"sceneLighting":false,"audioPlay":false,"sceneViewState":{"m_AlwaysRefresh":true,"showFog":true,"showSkybox":false,"showFlares":true,"showImageEffects":true,"showParticleSystems":true,"showVisualEffectGraphs":true,"m_FxEnabled":true},"in2DMode":false,"pivot":{"x":9.717777252197266,"y":1.512953758239746,"z":1.1938269138336182},"rotation":{"x":0.13890579342842103,"y":-0.08013198524713516,"z":0.011254881508648396,"w":0.9870263338088989},"size":6.015125751495361,"orthographic":false}