{"cameraMode":{"drawMode":0,"name":"Shaded","section":"Shading Mode"},"sceneLighting":true,"audioPlay":false,"sceneViewState":{"m_AlwaysRefresh":false,"showFog":true,"showSkybox":true,"showFlares":true,"showImageEffects":true,"showParticleSystems":true,"showVisualEffectGraphs":true,"m_FxEnabled":true},"in2DMode":false,"pivot":{"x":881.657470703125,"y":625.6506958007813,"z":7.97674560546875},"rotation":{"x":-0.00780924316495657,"y":-0.009902353398501873,"z":0.00007729219214525074,"w":-0.9999198317527771},"size":524.8450927734375,"orthographic":true}